{"count":1,"self":34.8139296,"total":36.519323199999995,"children":{"InitializeActuators":{"count":9,"self":0.0019947999999999997,"total":0.0019947999999999997,"children":null},"InitializeSensors":{"count":9,"self":0.0029927,"total":0.0029927,"children":null},"AgentSendState":{"count":1593,"self":0.0898993,"total":1.3274724999999998,"children":{"CollectObservations":{"count":2871,"self":0.022965799999999998,"total":0.022965799999999998,"children":null},"CollectDiscreteActionMasks":{"count":2871,"self":0.014986099999999999,"total":0.014986099999999999,"children":null},"RequestDecision":{"count":2871,"self":0.1263982,"total":1.1996213,"children":{"RayPerceptionSensor.Perceive":{"count":2871,"self":1.0732230999999999,"total":1.0732230999999999,"children":null}}}}},"DecideAction":{"count":1593,"self":0.1534887,"total":0.1534887,"children":null},"AgentAct":{"count":1593,"self":0.2084182,"total":0.2084182,"children":null},"RayPerceptionSensor.Perceive":{"count":18,"self":0.0100213,"total":0.0100213,"children":null}},"gauges":{"Score Multi-Learning.CumulativeReward":{"count":18,"max":0.488334477,"min":0.4825348,"runningAverage":0.485434622,"value":0.488334477,"weightedAverage":0.487899}},"metadata":{"timer_format_version":"0.1.0","start_time_seconds":"1603893941","unity_version":"2019.4.3f1","command_line_arguments":"C:\\Program Files\\Unity\\Hub\\Editor\\2019.4.3f1\\Editor\\Unity.exe -projectpath D:\/Hackathon Final\/Retro-Hackathon -useHub -hubIPC -cloudEnvironment production -hubSessionId f50f31b0-17e7-11eb-aa79-93d95da29be7","communication_protocol_version":"1.2.0","com.unity.ml-agents_version":"1.5.0-preview","scene_name":"Level 1 - Several Agents","end_time_seconds":"1603893977"}}