{"count":1,"self":24.2829072,"total":24.798408,"children":{"InitializeActuators":{"count":1,"self":0.0038499999999999997,"total":0.0038499999999999997,"children":null},"InitializeSensors":{"count":1,"self":0.001006,"total":0.001006,"children":null},"AgentSendState":{"count":1149,"self":0.229815,"total":0.355767,"children":{"CollectObservations":{"count":1149,"self":0.044927999999999996,"total":0.044927999999999996,"children":null},"CollectDiscreteActionMasks":{"count":1149,"self":0.039161999999999995,"total":0.039161999999999995,"children":null},"RequestDecision":{"count":1149,"self":0.041861999999999996,"total":0.041861999999999996,"children":null}}},"DecideAction":{"count":1149,"self":0.080627999999999991,"total":0.080627999999999991,"children":null},"AgentAct":{"count":1149,"self":0.072896,"total":0.072896,"children":null}},"gauges":{},"metadata":{"timer_format_version":"0.1.0","start_time_seconds":"1603709481","unity_version":"2019.4.3f1","command_line_arguments":"\/Applications\/Unity\/Hub\/Editor\/2019.4.3f1\/Unity.app\/Contents\/MacOS\/Unity -projectpath \/Users\/valerija\/Desktop\/MT\/Retro Hackathon -useHub -hubIPC -cloudEnvironment production -hubSessionId d969c160-14a8-11eb-8976-7bb828ec3108 -accessToken 5WJTEXE7l3eBgCPvcttu-VOmcXUG8NrKR0aArs_2g9Q006f","communication_protocol_version":"1.2.0","com.unity.ml-agents_version":"1.5.0-preview","scene_name":"Level 1","end_time_seconds":"1603709506"}}