{"count":1,"self":53.799488,"total":54.673373999999995,"children":{"InitializeActuators":{"count":1,"self":0.0028499999999999997,"total":0.0028499999999999997,"children":null},"InitializeSensors":{"count":1,"self":0.0030299999999999997,"total":0.0030299999999999997,"children":null},"AgentSendState":{"count":2683,"self":0.15984099999999998,"total":0.560066,"children":{"CollectObservations":{"count":537,"self":0.016051,"total":0.016051,"children":null},"CollectDiscreteActionMasks":{"count":537,"self":0.013883999999999999,"total":0.013883999999999999,"children":null},"RequestDecision":{"count":537,"self":0.058046999999999994,"total":0.37029,"children":{"RayPerceptionSensor.Perceive":{"count":537,"self":0.312243,"total":0.312243,"children":null}}}}},"DecideAction":{"count":2683,"self":0.173037,"total":0.173037,"children":null},"AgentAct":{"count":2683,"self":0.13164399999999998,"total":0.13164399999999998,"children":null},"RayPerceptionSensor.Perceive":{"count":2,"self":0.0017959999999999999,"total":0.0017959999999999999,"children":null}},"gauges":{"Score Multi-Learning.CumulativeReward":{"count":2,"max":10.7655907,"min":0.229498386,"runningAverage":5.49754429,"value":10.7655907,"weightedAverage":2.86352158}},"metadata":{"timer_format_version":"0.1.0","start_time_seconds":"1603795092","unity_version":"2019.4.3f1","command_line_arguments":"\/Applications\/Unity\/Hub\/Editor\/2019.4.3f1\/Unity.app\/Contents\/MacOS\/Unity -projectPath \/Users\/valerija\/Desktop\/MT\/Retro Hackathon","communication_protocol_version":"1.2.0","com.unity.ml-agents_version":"1.5.0-preview","scene_name":"Level 1","end_time_seconds":"1603795147"}}