{"count":1,"self":48.2267456,"total":48.514336799999995,"children":{"InitializeActuators":{"count":1,"self":0.0019944999999999997,"total":0.0019944999999999997,"children":null},"InitializeSensors":{"count":1,"self":0.00099739999999999985,"total":0.00099739999999999985,"children":null},"AgentSendState":{"count":2194,"self":0.1160155,"total":0.1848492,"children":{"CollectObservations":{"count":2194,"self":0.023946099999999998,"total":0.023946099999999998,"children":null},"CollectDiscreteActionMasks":{"count":2194,"self":0.0189546,"total":0.0189546,"children":null},"RequestDecision":{"count":2194,"self":0.025932999999999998,"total":0.025932999999999998,"children":null}}},"DecideAction":{"count":2194,"self":0.0498772,"total":0.0498772,"children":null},"AgentAct":{"count":2194,"self":0.047878399999999995,"total":0.047878399999999995,"children":null}},"gauges":{},"metadata":{"timer_format_version":"0.1.0","start_time_seconds":"1603727936","unity_version":"2019.4.3f1","command_line_arguments":"C:\\Program Files\\Unity\\Hub\\Editor\\2019.4.3f1\\Editor\\Unity.exe -projectpath D:\/Hackathon Final\/Retro-Hackathon -useHub -hubIPC -cloudEnvironment production -hubSessionId 49055020-153f-11eb-89d8-8b1a130f1653","communication_protocol_version":"1.2.0","com.unity.ml-agents_version":"1.5.0-preview","scene_name":"Level 1","end_time_seconds":"1603727984"}}